Label,# Samples,Average,Median,90% Line,95% Line,99% Line,Min,Max,Error %,Throughput,Received KB/sec,Sent KB/sec
JDBC Request,150,5900,4967,10838,11150,11535,749,11653,0.667%,12.50834,19763.35,0.00
TOTAL,150,5900,4967,10838,11150,11535,749,11653,0.667%,12.50834,19763.35,0.00
